filename,latitude,longitude,description,author,license,source_file,source_page
53.378356_58.996831.jpg,53.378356,58.996831,Магнитогорск. Вознесенская церковь (вид с ул. Завенягина),Vyacheslav Bukharov,CC BY-SA 4.0,Views of Magnitogorsk-2021 - 2.jpeg,https://commons.wikimedia.org/wiki/File:Views_of_Magnitogorsk-2021_-_2.jpeg
53.385461_58.998108.jpg,53.385461,58.998108,Заводской пруд на реке Урал,Vyacheslav Bukharov,CC BY-SA 4.0,Views of Magnitogorsk-2021 - 12.jpeg,https://commons.wikimedia.org/wiki/File:Views_of_Magnitogorsk-2021_-_12.jpeg
53.407722_58.991169.jpg,53.407722,58.991169,Парк «У Вечного огня»,Vyacheslav Bukharov,CC BY-SA 4.0,Views of Magnitogorsk-2021 - 21.jpeg,https://commons.wikimedia.org/wiki/File:Views_of_Magnitogorsk-2021_-_21.jpeg
53.407494_58.992128.jpg,53.407494,58.992128,Городской пляж; на дальнем плане цеха ММК,Vyacheslav Bukharov,CC BY-SA 4.0,Views of Magnitogorsk-2021 - 23.jpeg,https://commons.wikimedia.org/wiki/File:Views_of_Magnitogorsk-2021_-_23.jpeg
53.407150_58.991117.jpg,53.407150,58.991117,Памятник Героям Советского Союза,Vyacheslav Bukharov,CC BY-SA 4.0,Views of Magnitogorsk-2021 - 28.jpeg,https://commons.wikimedia.org/wiki/File:Views_of_Magnitogorsk-2021_-_28.jpeg
53.407319_58.983600.jpg,53.407319,58.983600,Площадь торжеств и фонтан перед зданием городской администрации,Vyacheslav Bukharov,CC BY-SA 4.0,Views of Magnitogorsk-2021 - 29.jpeg,https://commons.wikimedia.org/wiki/File:Views_of_Magnitogorsk-2021_-_29.jpeg
53.419875_58.979747.jpg,53.419875,58.979747,Вход в университетский сквер со стороны пр. Карла Маркса,Vyacheslav Bukharov,CC BY-SA 4.0,Views of Magnitogorsk-2021 - 33.jpeg,https://commons.wikimedia.org/wiki/File:Views_of_Magnitogorsk-2021_-_33.jpeg
53.420197_58.981469.jpg,53.420197,58.981469,Учебный корпус МГТУ на ул. Калинина,Vyacheslav Bukharov,CC BY-SA 4.0,Views of Magnitogorsk-2021 - 36.jpeg,https://commons.wikimedia.org/wiki/File:Views_of_Magnitogorsk-2021_-_36.jpeg
53.437072_58.980625.jpg,53.437072,58.980625,Железнодорожный вокзал станции Магнитогорск-Пассажирский,Vyacheslav Bukharov,CC BY-SA 4.0,Views of Magnitogorsk-2021 - 40.jpeg,https://commons.wikimedia.org/wiki/File:Views_of_Magnitogorsk-2021_-_40.jpeg
53.434453_58.983333.jpg,53.434453,58.983333,Жилой дом № 2 по ул. Строителей,Vyacheslav Bukharov,CC BY-SA 4.0,Views of Magnitogorsk-2021 - 46.jpeg,https://commons.wikimedia.org/wiki/File:Views_of_Magnitogorsk-2021_-_46.jpeg
53.428969_58.983344.jpg,53.428969,58.983344,Жилой дом № 23 на пр. Ленина,Vyacheslav Bukharov,CC BY-SA 4.0,Views of Magnitogorsk-2021 - 50.jpeg,https://commons.wikimedia.org/wiki/File:Views_of_Magnitogorsk-2021_-_50.jpeg
53.421458_58.984092.jpg,53.421458,58.984092,"Площадь Ленина, дома № 43 и № 45 на пр. Ленина",Vyacheslav Bukharov,CC BY-SA 4.0,Views of Magnitogorsk-2021 - 55.jpeg,https://commons.wikimedia.org/wiki/File:Views_of_Magnitogorsk-2021_-_55.jpeg
53.421050_59.003100.jpg,53.421050,59.003100,Заводской пруд на реке Урал,Vyacheslav Bukharov,CC BY-SA 4.0,Views of Magnitogorsk-2021 - 58.jpeg,https://commons.wikimedia.org/wiki/File:Views_of_Magnitogorsk-2021_-_58.jpeg
53.419147_59.003594.jpg,53.419147,59.003594,Каскад водопадов в сторону пруда,Vyacheslav Bukharov,CC BY-SA 4.0,Views of Magnitogorsk-2021 - 61.jpeg,https://commons.wikimedia.org/wiki/File:Views_of_Magnitogorsk-2021_-_61.jpeg
53.417869_59.001625.jpg,53.417869,59.001625,"ДК Металлургов (Набережная улица, 1)",Vyacheslav Bukharov,CC BY-SA 4.0,Views of Magnitogorsk-2021 - 64.jpeg,https://commons.wikimedia.org/wiki/File:Views_of_Magnitogorsk-2021_-_64.jpeg
53.417308_59.001969.jpg,53.417308,59.001969,Сквер им. 50-летия ММК,Vyacheslav Bukharov,CC BY-SA 4.0,Views of Magnitogorsk-2021 - 66.jpeg,https://commons.wikimedia.org/wiki/File:Views_of_Magnitogorsk-2021_-_66.jpeg
53.415700_59.001594.jpg,53.415700,59.001594,Фонтан «50-летие ММК» в одноимённом сквере,Vyacheslav Bukharov,CC BY-SA 4.0,Views of Magnitogorsk-2021 - 68.jpeg,https://commons.wikimedia.org/wiki/File:Views_of_Magnitogorsk-2021_-_68.jpeg
53.411194_58.984722.jpg,53.411194,58.984722,Стела Славы Магнитки,Vyacheslav Bukharov,CC BY-SA 4.0,Views of Magnitogorsk-2021 - 70.jpeg,https://commons.wikimedia.org/wiki/File:Views_of_Magnitogorsk-2021_-_70.jpeg
53.381222_58.990631.jpg,53.381222,58.990631,Арена «Металлург»,Vyacheslav Bukharov,CC BY-SA 4.0,Views of Magnitogorsk-2021 - 72.jpeg,https://commons.wikimedia.org/wiki/File:Views_of_Magnitogorsk-2021_-_72.jpeg
53.380375_58.988700.jpg,53.380375,58.988700,Вид на Арену «Металлург» и Вознесенскую церковь,Vyacheslav Bukharov,CC BY-SA 4.0,Views of Magnitogorsk-2021 - 74.jpeg,https://commons.wikimedia.org/wiki/File:Views_of_Magnitogorsk-2021_-_74.jpeg
